comparison,diff,lwr,upr,p adj
Krum Bay-Brewers Bay,-0.030166666666666397,-0.1189947531104878,0.058661419777155,0.6939596046626184
Yacht Haven Grand-Brewers Bay,0.05594117647058833,-0.01576150804162524,0.1276438609828019,0.1545276665679446
Yacht Haven Grand-Krum Bay,0.08610784313725472,0.010290753779620493,0.16192493249488896,0.022379283262829563
