comparison,diff,lwr,upr,p adj
Krum Bay-Brewers Bay,-0.06175000000000708,-0.12400116961152699,5.011696115128361e-4,0.05237634828475102
Yacht Haven Grand-Brewers Bay,-0.07554901960785099,-0.12537029466311367,-0.02572774455258829,0.001347253773843704
Yacht Haven Grand-Krum Bay,-0.01379901960784391,-0.06776880863754242,0.040170769421854595,0.8166706119992271
