Location,mean_salinity,SEM_salinity
BRB,34.833333333333336,0.5969499194649467
KRM,32.72222222222222,0.8438489964133367
YHG,33.666666666666664,0.30341966327759984
