Location,mean_temp,sem_temp
BRB,27.127340823970037,0.01105527675259094
KRM,27.671662763466042,0.013920145376006882
YHG,27.457397003745317,0.011003184767373463
