Location,mean_temp,sem_temp
BRB,27.12734082397004,0.011055276752590933
KRM,27.67166276346605,0.01392014537600678
YHG,27.45739700374532,0.011003184767373459
