.y.,group1,group2,n1,n2,statistic,p,p.adj,p.adj.signif
Turbidity,Brewers Bay,Krum Bay,53,24,0.3337097448139998,0.7385985954337176,1,ns
Turbidity,Brewers Bay,Yacht Haven Grande,53,68,7.1094360796107425,1.1651804885318642e-12,3.4955414655955925e-12,****
Turbidity,Krum Bay,Yacht Haven Grande,24,68,5.1407692262974365,2.736159525199946e-7,8.208478575599838e-7,****
