MonitoringLocationName,mean_Turbidity,SEM_Turbidity
Brewers Bay,0.4790566037735849,0.10161120876558284
Krum Bay,0.36666666666666664,0.05406205059012895
Yacht Haven Grande,1.325,0.09722612420225568
