MonitoringLocationName,mean_Turbidity,SEM_Turbidity,mean_pH,SEM_pH,mean_Enterococcus,SEM_Enterococcus,mean_Phosphorus,SEM_Phosphorus,mean_TSS,SEM_TSS,mean_DO,SEM_DO,mean_Nitrogen,SEM_Nitrogen
Brewers Bay,0.7535185185185185,0.2920133198917961,8.009666666666666,0.01791091193333064,80.5,36.71387112976965,0.007364285714285714,0.0011099256060040342,3.9466666666666668,0.3418251664878472,6.778333333333333,0.04030368436235174,0.3655,0.021587478564418557
Krum Bay,0.3666666666666667,0.05406205059012895,7.947916666666667,0.019753729850212304,89.42857142857143,21.151220996903792,0.009375,0.0010955229137473367,4.441666666666666,0.47823196053882494,6.225416666666667,0.09099685288129211,0.3353333333333333,0.033733881298699496
Yacht Haven Grand,1.325,0.09722612420225568,7.934117647058823,0.011447546700760605,351.28571428571433,115.23183965705094,0.008720588235294117,7.75778367239007e-4,3.7111111111111112,0.1514887903955942,6.2755882352941175,0.058127188792774794,0.4214411764705882,0.015420903421870262
